{"lr": 0.01, "data_time": 0.0003764629364013672, "loss": 1.2928932845592498, "time": 0.17505266666412353, "epoch": 1, "iter": 100, "memory": 2965, "step": 100}
{"lr": 0.01, "data_time": 0.00041191577911376954, "loss": 1.0736258983612061, "time": 0.1758798837661743, "epoch": 2, "iter": 209, "memory": 2965, "step": 209}
{"accuracy/top1": 71.33027648925781, "accuracy/top5": 93.34862518310547, "data_time": 0.0975780827658517, "time": 0.1948746953691755, "step": 2}
{"lr": 0.01, "data_time": 0.0004276752471923828, "loss": 0.7936703085899353, "time": 0.17663288116455078, "epoch": 3, "iter": 318, "memory": 2965, "step": 318}
{"lr": 0.001, "data_time": 0.0004139423370361328, "loss": 0.5140916705131531, "time": 0.17657222747802734, "epoch": 4, "iter": 427, "memory": 2965, "step": 427}
{"accuracy/top1": 88.9908218383789, "accuracy/top5": 98.1651382446289, "data_time": 0.03006264567375183, "time": 0.1253536343574524, "step": 4}
{"lr": 0.001, "data_time": 0.0004142045974731445, "loss": 0.4391108095645905, "time": 0.17697243690490722, "epoch": 5, "iter": 536, "memory": 2965, "step": 536}
{"lr": 0.001, "data_time": 0.0004925727844238281, "loss": 0.3202670469880104, "time": 0.17926809787750245, "epoch": 6, "iter": 645, "memory": 2965, "step": 645}
{"accuracy/top1": 90.59632873535156, "accuracy/top5": 98.85321044921875, "data_time": 0.03073972463607788, "time": 0.12636947631835938, "step": 6}
{"lr": 0.0001, "data_time": 0.00041074752807617186, "loss": 0.32132583744823934, "time": 0.179158616065979, "epoch": 7, "iter": 754, "memory": 2965, "step": 754}
{"lr": 0.0001, "data_time": 0.00045828819274902345, "loss": 0.3638028159737587, "time": 0.1809155225753784, "epoch": 8, "iter": 863, "memory": 2965, "step": 863}
{"accuracy/top1": 91.51376342773438, "accuracy/top5": 98.39449310302734, "data_time": 0.027494877576828003, "time": 0.12803474068641663, "step": 8}
{"lr": 0.0001, "data_time": 0.00044138431549072265, "loss": 0.3271774560213089, "time": 0.18049700260162355, "epoch": 9, "iter": 972, "memory": 2965, "step": 972}
{"lr": 1e-05, "data_time": 0.00039460659027099607, "loss": 0.2552151046693325, "time": 0.18264217376708985, "epoch": 10, "iter": 1081, "memory": 2965, "step": 1081}
{"accuracy/top1": 90.82568359375, "accuracy/top5": 98.85321044921875, "data_time": 0.032875508069992065, "time": 0.13101688027381897, "step": 10}
