{"lr": 0.0009979949515543244, "data_time": 0.0059108734130859375, "loss": 0.12912548333406448, "decode.loss_ce": 0.08960480391979217, "decode.acc_seg": 56.17268753051758, "aux.loss_ce": 0.03952067941427231, "aux.acc_seg": 49.820960998535156, "time": 0.42974750995635985, "memory": 8127, "step": 100}
{"lr": 0.0009959691449698113, "data_time": 0.006006026268005371, "loss": 0.11738856434822083, "decode.loss_ce": 0.08019656836986541, "decode.acc_seg": 61.12874221801758, "aux.loss_ce": 0.03719199486076832, "aux.acc_seg": 45.402015686035156, "time": 0.4422852277755737, "memory": 7956, "step": 200}
{"lr": 0.0009939428293241574, "data_time": 0.005676817893981933, "loss": 0.11593123227357864, "decode.loss_ce": 0.07837000638246536, "decode.acc_seg": 53.48714065551758, "aux.loss_ce": 0.03756122663617134, "aux.acc_seg": 34.56624221801758, "time": 0.4411879539489746, "memory": 7956, "step": 300}
{"lr": 0.0009919160032066854, "data_time": 0.005573630332946777, "loss": 0.1069238930940628, "decode.loss_ce": 0.07221881821751594, "decode.acc_seg": 60.67708206176758, "aux.loss_ce": 0.03470507618039846, "aux.acc_seg": 53.45662307739258, "time": 0.44526793956756594, "memory": 7956, "step": 400}
{"aAcc": 60.67, "mIoU": 20.68, "mAcc": 28.74, "data_time": 0.00442652702331543, "time": 0.5440187215805053, "step": 400}
{"lr": 0.000989888665199235, "data_time": 0.006181907653808594, "loss": 0.1046654887497425, "decode.loss_ce": 0.07068163119256496, "decode.acc_seg": 59.452308654785156, "aux.loss_ce": 0.033983857929706575, "aux.acc_seg": 56.536861419677734, "time": 0.44041612148284914, "memory": 7956, "step": 500}
{"lr": 0.0009878608138761057, "data_time": 0.006051158905029297, "loss": 0.09205703735351563, "decode.loss_ce": 0.06112169623374939, "decode.acc_seg": 69.01651763916016, "aux.loss_ce": 0.03093534093350172, "aux.acc_seg": 59.43196487426758, "time": 0.43948218822479246, "memory": 7956, "step": 600}
{"lr": 0.0009858324478039984, "data_time": 0.006128096580505371, "loss": 0.09092885255813599, "decode.loss_ce": 0.061012201383709906, "decode.acc_seg": 62.75227737426758, "aux.loss_ce": 0.029916651919484137, "aux.acc_seg": 55.81868362426758, "time": 0.44361414909362795, "memory": 7956, "step": 700}
{"lr": 0.0009838035655419543, "data_time": 0.005683612823486328, "loss": 0.09841124415397644, "decode.loss_ce": 0.06793912798166275, "decode.acc_seg": 66.31672668457031, "aux.loss_ce": 0.030472115986049174, "aux.acc_seg": 47.13338088989258, "time": 0.44149787425994874, "memory": 7956, "step": 800}
{"aAcc": 59.14, "mIoU": 18.31, "mAcc": 26.09, "data_time": 0.0040706157684326175, "time": 0.2708090543746948, "step": 800}
{"lr": 0.0009817741656412916, "data_time": 0.006229925155639649, "loss": 0.08871633857488632, "decode.loss_ce": 0.06030900105834007, "decode.acc_seg": 58.310951232910156, "aux.loss_ce": 0.02840733714401722, "aux.acc_seg": 48.858642578125, "time": 0.4387537956237793, "memory": 7956, "step": 900}
{"lr": 0.0009797442466455493, "data_time": 0.006009626388549805, "loss": 0.08394291922450066, "decode.loss_ce": 0.056757337599992755, "decode.acc_seg": 63.791908264160156, "aux.loss_ce": 0.02718558255583048, "aux.acc_seg": 58.896888732910156, "time": 0.43723230361938475, "memory": 7956, "step": 1000}
{"lr": 0.0009777138070904245, "data_time": 0.0057497739791870115, "loss": 0.0885805644094944, "decode.loss_ce": 0.0608415100723505, "decode.acc_seg": 59.073890686035156, "aux.loss_ce": 0.02773905359208584, "aux.acc_seg": 58.599849700927734, "time": 0.44772002696990965, "memory": 7956, "step": 1100}
{"lr": 0.0009756828455037044, "data_time": 0.006032466888427734, "loss": 0.09515131562948227, "decode.loss_ce": 0.06571716442704201, "decode.acc_seg": 65.88541412353516, "aux.loss_ce": 0.0294341504573822, "aux.acc_seg": 58.207191467285156, "time": 0.44799318313598635, "memory": 7956, "step": 1200}
{"aAcc": 61.86, "mIoU": 22.87, "mAcc": 31.52, "data_time": 0.003818511962890625, "time": 0.2730014085769653, "step": 1200}
{"lr": 0.000973651360405211, "data_time": 0.005423593521118164, "loss": 0.09448474645614624, "decode.loss_ce": 0.06533116325736046, "decode.acc_seg": 56.89290237426758, "aux.loss_ce": 0.02915358282625675, "aux.acc_seg": 53.37727737426758, "time": 0.43666236400604247, "memory": 7956, "step": 1300}
{"lr": 0.0009716193503067283, "data_time": 0.005886673927307129, "loss": 0.08396075367927551, "decode.loss_ce": 0.057700862735509874, "decode.acc_seg": 63.66780471801758, "aux.loss_ce": 0.026259891130030154, "aux.acc_seg": 56.426998138427734, "time": 0.44215586185455324, "memory": 7956, "step": 1400}
{"lr": 0.0009695868137119442, "data_time": 0.005526280403137207, "loss": 0.08134569525718689, "decode.loss_ce": 0.05545931756496429, "decode.acc_seg": 70.71533203125, "aux.loss_ce": 0.02588637750595808, "aux.acc_seg": 61.869300842285156, "time": 0.44588479995727537, "memory": 7956, "step": 1500}
{"lr": 0.0009675537491163855, "data_time": 0.0059119462966918945, "loss": 0.08381388187408448, "decode.loss_ce": 0.05734490416944027, "decode.acc_seg": 58.343502044677734, "aux.loss_ce": 0.026468977332115173, "aux.acc_seg": 50.895179748535156, "time": 0.4411165714263916, "memory": 7956, "step": 1600}
{"aAcc": 61.2, "mIoU": 21.72, "mAcc": 29.81, "data_time": 0.003879261016845703, "time": 0.2789348363876343, "step": 1600}
{"lr": 0.0009655201550073485, "data_time": 0.0059685945510864254, "loss": 0.08332040458917618, "decode.loss_ce": 0.05748141147196293, "decode.acc_seg": 71.98892974853516, "aux.loss_ce": 0.025838993676006793, "aux.acc_seg": 71.73258209228516, "time": 0.43560166358947755, "memory": 7956, "step": 1700}
{"lr": 0.000963486029863837, "data_time": 0.005554604530334473, "loss": 0.08974983468651772, "decode.loss_ce": 0.06268023326992989, "decode.acc_seg": 56.817623138427734, "aux.loss_ce": 0.027069601230323315, "aux.acc_seg": 53.769935607910156, "time": 0.448986554145813, "memory": 7956, "step": 1800}
{"lr": 0.0009614513721564885, "data_time": 0.005780458450317383, "loss": 0.08603205531835556, "decode.loss_ce": 0.05911137089133263, "decode.acc_seg": 59.37703323364258, "aux.loss_ce": 0.02692068349570036, "aux.acc_seg": 49.14143753051758, "time": 0.43988473415374757, "memory": 7956, "step": 1900}
{"lr": 0.0009594161803475128, "data_time": 0.005820083618164063, "loss": 0.08422938585281373, "decode.loss_ce": 0.05816495977342129, "decode.acc_seg": 62.750240325927734, "aux.loss_ce": 0.026064427010715006, "aux.acc_seg": 66.91690826416016, "time": 0.44516692161560056, "memory": 7956, "step": 2000}
{"aAcc": 61.72, "mIoU": 23.27, "mAcc": 31.22, "data_time": 0.0037003755569458008, "time": 0.27232649326324465, "step": 2000}
{"lr": 0.0009573804528906198, "data_time": 0.00599520206451416, "loss": 0.08618251606822014, "decode.loss_ce": 0.059215697646141055, "decode.acc_seg": 63.262935638427734, "aux.loss_ce": 0.026966818049550055, "aux.acc_seg": 53.769935607910156, "time": 0.4373464584350586, "memory": 7956, "step": 2100}
{"lr": 0.0009553441882309492, "data_time": 0.0059073448181152345, "loss": 0.07479193918406964, "decode.loss_ce": 0.051246242970228194, "decode.acc_seg": 60.56721878051758, "aux.loss_ce": 0.023545696400105953, "aux.acc_seg": 60.79915237426758, "time": 0.4449718475341797, "memory": 7956, "step": 2200}
{"lr": 0.0009533073848050023, "data_time": 0.005614042282104492, "loss": 0.08342965692281723, "decode.loss_ce": 0.05769821852445602, "decode.acc_seg": 68.58927154541016, "aux.loss_ce": 0.02573143821209669, "aux.acc_seg": 64.49177551269531, "time": 0.44076559543609617, "memory": 7956, "step": 2300}
{"lr": 0.0009512700410405695, "data_time": 0.005911445617675782, "loss": 0.08126838319003582, "decode.loss_ce": 0.055925297737121585, "decode.acc_seg": 67.73274230957031, "aux.loss_ce": 0.025343084521591664, "aux.acc_seg": 60.577388763427734, "time": 0.4374172925949097, "memory": 7956, "step": 2400}
{"aAcc": 62.59, "mIoU": 24.74, "mAcc": 33.17, "data_time": 0.004017186164855957, "time": 0.27103822231292723, "step": 2400}
{"lr": 0.0009492321553566586, "data_time": 0.0059498071670532225,