{"lr": 0.00997794446709763, "data_time": 0.005115437507629395, "loss": 0.06976078762672841, "decode.loss_ce": 0.05007553684990853, "decode.acc_seg": 99.68365478515625, "aux.loss_ce": 0.01968524914700538, "aux.acc_seg": 99.68365478515625, "time": 0.31469976902008057, "memory": 5948, "step": 100}
{"lr": 0.009955660594668054, "data_time": 0.0048724889755249025, "loss": 0.05889355316758156, "decode.loss_ce": 0.041543701710179445, "decode.acc_seg": 99.41778564453125, "aux.loss_ce": 0.017349851271137594, "aux.acc_seg": 99.41353607177734, "time": 0.31733949184417726, "memory": 3774, "step": 200}
{"lr": 0.009933371122565919, "data_time": 0.004937434196472168, "loss": 0.04102413635700941, "decode.loss_ce": 0.027210559602826832, "decode.acc_seg": 99.01876831054688, "aux.loss_ce": 0.013813577219843864, "aux.acc_seg": 98.65374755859375, "time": 0.31907005310058595, "memory": 3774, "step": 300}
{"lr": 0.009911076035273796, "data_time": 0.0051822662353515625, "loss": 0.035600517271086575, "decode.loss_ce": 0.025159566930960865, "decode.acc_seg": 98.9870834350586, "aux.loss_ce": 0.010440950829070062, "aux.acc_seg": 98.88670349121094, "time": 0.33966381549835206, "memory": 3774, "step": 400}
{"aAcc": 99.24, "mIoU": 81.15, "mAcc": 83.86, "data_time": 0.0021165132522583006, "time": 0.035769867897033694, "step": 400}
{"lr": 0.0098887753171919, "data_time": 0.005045676231384277, "loss": 0.033069702424108983, "decode.loss_ce": 0.023226985055953265, "decode.acc_seg": 98.31903076171875, "aux.loss_ce": 0.009842717810533941, "aux.acc_seg": 98.65522003173828, "time": 0.3243105888366699, "memory": 3774, "step": 500}
{"lr": 0.009866468952637547, "data_time": 0.00535116195678711, "loss": 0.020531029580160974, "decode.loss_ce": 0.014163198065944016, "decode.acc_seg": 99.29969787597656, "aux.loss_ce": 0.0063678315025754275, "aux.acc_seg": 99.46173095703125, "time": 0.32429168224334715, "memory": 3774, "step": 600}
{"lr": 0.009844156925844432, "data_time": 0.005036306381225586, "loss": 0.023792401026003062, "decode.loss_ce": 0.017130137770436704, "decode.acc_seg": 99.5517807006836, "aux.loss_ce": 0.006662263156613335, "aux.acc_seg": 99.5593490600586, "time": 0.3237844228744507, "memory": 3774, "step": 700}
{"lr": 0.009821839220962003, "data_time": 0.005250692367553711, "loss": 0.0367775104008615, "decode.loss_ce": 0.026763754023704678, "decode.acc_seg": 99.57119750976562, "aux.loss_ce": 0.010013756935950368, "aux.acc_seg": 99.66213989257812, "time": 0.33209958076477053, "memory": 3774, "step": 800}
{"aAcc": 97.28, "mIoU": 65.68, "mAcc": 85.87, "data_time": 0.0022573947906494142, "time": 0.036023402214050294, "step": 800}
