{"lr": 0.00997794446709763, "data_time": 0.004417824745178223, "loss": 0.10586657226085663, "decode.loss_ce": 0.07398434095084667, "decode.acc_seg": 78.8818359375, "aux.loss_ce": 0.031882230564951895, "aux.acc_seg": 69.8333740234375, "time": 0.31043741703033445, "memory": 5948, "step": 100}
{"lr": 0.009955660594668054, "data_time": 0.004372239112854004, "loss": 0.09851219207048416, "decode.loss_ce": 0.07020097561180591, "decode.acc_seg": 54.4647216796875, "aux.loss_ce": 0.02831121627241373, "aux.acc_seg": 56.732177734375, "time": 0.3135663032531738, "memory": 3774, "step": 200}
{"lr": 0.009933371122565919, "data_time": 0.004429173469543457, "loss": 0.09313333928585052, "decode.loss_ce": 0.06599689945578575, "decode.acc_seg": 45.47119140625, "aux.loss_ce": 0.027136439830064772, "aux.acc_seg": 43.46923828125, "time": 0.3157613277435303, "memory": 3774, "step": 300}
{"lr": 0.009911076035273796, "data_time": 0.004245853424072266, "loss": 0.07822080738842488, "decode.loss_ce": 0.054541390389204025, "decode.acc_seg": 69.7906494140625, "aux.loss_ce": 0.023679417744278907, "aux.acc_seg": 70.0714111328125, "time": 0.318363094329834, "memory": 3774, "step": 400}
{"aAcc": 56.51, "mIoU": 13.8, "mAcc": 21.46, "data_time": 0.003896498680114746, "time": 0.5213921546936036, "step": 400}
{"lr": 0.0098887753171919, "data_time": 0.004131770133972168, "loss": 0.08453148528933525, "decode.loss_ce": 0.05923695266246796, "decode.acc_seg": 70.95947265625, "aux.loss_ce": 0.02529453057795763, "aux.acc_seg": 70.0164794921875, "time": 0.3186315059661865, "memory": 4997, "step": 500}
{"lr": 0.009866468952637547, "data_time": 0.004024338722229004, "loss": 0.07955580987036229, "decode.loss_ce": 0.05647899433970451, "decode.acc_seg": 51.141357421875, "aux.loss_ce": 0.023076815530657768, "aux.acc_seg": 46.2982177734375, "time": 0.3183044195175171, "memory": 3774, "step": 600}
{"lr": 0.009844156925844432, "data_time": 0.004250049591064453, "loss": 0.0828468419611454, "decode.loss_ce": 0.05852100700139999, "decode.acc_seg": 60.113525390625, "aux.loss_ce": 0.02432583477348089, "aux.acc_seg": 60.6109619140625, "time": 0.3185918092727661, "memory": 3774, "step": 700}
{"lr": 0.009821839220962003, "data_time": 0.004370403289794922, "loss": 0.07538799308240414, "decode.loss_ce": 0.053381290286779404, "decode.acc_seg": 56.2042236328125, "aux.loss_ce": 0.022006701864302158, "aux.acc_seg": 54.8492431640625, "time": 0.32306704521179197, "memory": 3774, "step": 800}
{"aAcc": 59.44, "mIoU": 19.45, "mAcc": 27.03, "data_time": 0.0037816762924194336, "time": 0.2685640096664429, "step": 800}
{"lr": 0.009799515822054777, "data_time": 0.004749226570129395, "loss": 0.0754399474710226, "decode.loss_ce": 0.053988900408148764, "decode.acc_seg": 70.599365234375, "aux.loss_ce": 0.021451046131551264, "aux.acc_seg": 66.595458984375, "time": 0.3230642557144165, "memory": 3774, "step": 900}
{"lr": 0.00977718671310168, "data_time": 0.004788661003112793, "loss": 0.07138974852859974, "decode.loss_ce": 0.0504795752465725, "decode.acc_seg": 78.948974609375, "aux.loss_ce": 0.02091017421334982, "aux.acc_seg": 73.9654541015625, "time": 0.3192504644393921, "memory": 3774, "step": 1000}
{"lr": 0.009754851877995354, "data_time": 0.004888677597045898, "loss": 0.07496552839875222, "decode.loss_ce": 0.05321816466748715, "decode.acc_seg": 71.7803955078125, "aux.loss_ce": 0.021747363731265068, "aux.acc_seg": 74.4903564453125, "time": 0.31994171142578126, "memory": 3774, "step": 1100}
{"lr": 0.009732511300541468, "data_time": 0.004452252388000488, "loss": 0.06529876440763474, "decode.loss_ce": 0.04592818096280098, "decode.acc_seg": 67.5140380859375, "aux.loss_ce": 0.01937058363109827, "aux.acc_seg": 65.7501220703125, "time": 0.31840565204620364, "memory": 3774, "step": 1200}
{"aAcc": 59.08, "mIoU": 18.37, "mAcc": 26.21, "data_time": 0.0037870883941650392, "time": 0.2687673091888428, "step": 1200}
{"lr": 0.009710164964458045, "data_time": 0.004583215713500977, "loss": 0.06546357274055481, "decode.loss_ce": 0.04571384787559509, "decode.acc_seg": 66.0980224609375, "aux.loss_ce": 0.0197497246786952, "aux.acc_seg": 63.470458984375, "time": 0.32415773868560793, "memory": 3774, "step": 1300}
{"lr": 0.009687812853374727, "data_time": 0.004369425773620606, "loss": 0.0677274450659752, "decode.loss_ce": 0.0476363081485033, "decode.acc_seg": 65.386962890625, "aux.loss_ce": 0.02009113635867834, "aux.acc_seg": 66.8304443359375, "time": 0.3190296173095703, "memory": 3774, "step": 1400}
{"lr": 0.009665454950832103, "data_time": 0.004372310638427734, "loss": 0.07905670925974846, "decode.loss_ce": 0.05539182350039482, "decode.acc_seg": 60.1654052734375, "aux.loss_ce": 0.023664886690676214, "aux.acc_seg": 56.8817138671875, "time": 0.3177600622177124, "memory": 3774, "step": 1500}
{"lr": 0.009643091240280942, "data_time": 0.004446649551391601, "loss": 0.07578465901315212, "decode.loss_ce": 0.05396033450961113, "decode.acc_seg": 58.9263916015625, "aux.loss_ce": 0.021824325900524855, "aux.acc_seg": 59.11865234375, "time": 0.3245513677597046, "memory": 3774, "step": 1600}
{"aAcc": 57.93, "mIoU": 16.22, "mAcc": 23.73, "data_time": 0.003523111343383789, "time": 0.2710642099380493, "step": 1600}
{"lr": 0.009620721705081534, "data_time": 0.0041180610656738285, "loss": 0.06810977794229985, "decode.loss_ce": 0.048389967530965805, "decode.acc_seg": 64.3218994140625, "aux.loss_ce": 0.019719810504466296, "aux.acc_seg": 67.8466796875, "time": 0.322170090675354, "memory": 3774, "step": 1700}
{"lr": 0.009598346328502901, "data_time": 0.00425417423248291, "loss": 0.06496323198080063, "decode.loss_ce": 0.04556787982583046, "decode.acc_seg": 64.0777587890625, "aux.loss_ce": 0.019395350944250822, "aux.acc_seg": 64.5904541015625, "time": 0.3188678741455078, "memory": 3774, "step": 1800}
{"lr": 0.009575965093722064, "data_time": 0.004352951049804687, "loss": 0.07077859975397587, "decode.loss_ce": 0.04975155368447304, "decode.acc_seg": 63.067626953125, "aux.loss_ce": 0.02102704644203186, "aux.acc_seg": 65.936279296875, "time": 0.31988661289215087, "memory": 3774, "step": 1900}
{"lr": 0.009553577983823325, "data_time": 0.004727053642272949, "loss": 0.0670194897800684, "decode.loss_ce": 0.047621152549982074, "decode.acc_seg": 75.1953125, "aux.loss_ce": 0.019398337230086327, "aux.acc_seg": 76.263427734375, "time": 0.32159440517425536, "memory": 3774, "step": 2000}
{"aAcc": 62.0, "mIoU": 23.48, "mAcc": 32.16, "data_time": 0.0038991451263427736, "time": 0.2688415288925171, "step": 2000}
{"lr": 0.0095311849817975, "data_time": 0.004433727264404297, "loss": 0.07156115286052227, "decode.loss_ce": 0.05037452783435583, "decode.acc_seg": 54.5013427734375, "aux.loss_ce": 0.021186625771224498, "aux.acc_seg": 57.513427734375, "time": 0.3191991806030273, "memory": 3774, "step": 2100}
{"lr": 0.009508786070541123, "data_time": 0.0045233964920043945, "loss": 0.0639604989439249, "decode.loss_ce": 0.044819772616028784, "decode.acc_seg": 67.889404296875, "aux.loss_ce": 0.019140726886689663, "aux.acc_seg": 65.191650390625, "time": 0.3184772729873657, "memory": 3774, "step": 2200}
{"lr": 0.009486381232855704, "data_time": 0.004377937316894532, "loss": 0.0697319369763136, "decode.loss_ce": 0.04904809407889843, "decode.acc_seg": 67.5384521484375, "aux.loss_ce": 0.020683843456208707, "aux.acc_seg": 64.17236328125, "time": 0.3218788385391235, "memory": 3774, "step": 2300}
{"lr": 0.009463970451446941, "data_time": 0.0042007207870483395, "loss": 0.0585179653018713, "decode.loss_ce": 0.041335825249552725, "decode.acc_seg": 79.3304443359375, "aux.loss_ce": 0.01718214089050889, "aux.acc_seg": 81.0791015625, "time": 0.32017269134521487, "memory": 3774, "step": 2400}
{"aAcc": 64.62, "mIoU": 27.74, "mAcc": 36.0, "data_time": 0.003535556793212891, "time": 0.2686593055725098, "step": 2400}
{"lr": 0.009441553708923918, "data_time": 0.004413151741027832, "loss": 0.06309564635157586, "decode.loss_ce": 0.04450238235294819, "decode.acc_seg": 69.6319580078125, "aux.loss_ce": 0.01859326409175992,