{"lr": 4e-08, "data_time": 13.231270790100098, "loss": 0.3222169578075409, "loss_cls": 0.26253482699394226, "loss_bbox": 0.05968213081359863, "time": 14.18686032295227, "epoch": 1, "iter": 1, "memory": 9988, "step": 1}
