{"lr": 0.01, "data_time": 0.0002831459045410156, "loss": 1.1114903509616851, "time": 0.05442776679992676, "epoch": 1, "iter": 100, "memory": 921, "step": 100}
{"lr": 0.01, "data_time": 0.00030834674835205077, "loss": 0.9997523963451386, "time": 0.054543685913085935, "epoch": 2, "iter": 209, "memory": 921, "step": 209}
{"accuracy/top1": 72.2477035522461, "accuracy/top5": 93.34862518310547, "data_time": 0.0954359940120152, "time": 0.12787389755249023, "step": 2}
{"lr": 0.01, "data_time": 0.00029747486114501954, "loss": 0.9837755501270294, "time": 0.054584598541259764, "epoch": 3, "iter": 318, "memory": 921, "step": 318}
{"lr": 0.001, "data_time": 0.00029735565185546876, "loss": 0.5308503448963166, "time": 0.05467722415924072, "epoch": 4, "iter": 427, "memory": 921, "step": 427}
{"accuracy/top1": 86.6972427368164, "accuracy/top5": 97.47706604003906, "data_time": 0.02609500288963318, "time": 0.05645018815994263, "step": 4}
{"lr": 0.001, "data_time": 0.00031447410583496094, "loss": 0.4082897394895554, "time": 0.05483403205871582, "epoch": 5, "iter": 536, "memory": 921, "step": 536}
{"lr": 0.001, "data_time": 0.00031626224517822266, "loss": 0.35917226076126096, "time": 0.05491039752960205, "epoch": 6, "iter": 645, "memory": 921, "step": 645}
{"accuracy/top1": 87.84403228759766, "accuracy/top5": 97.2477035522461, "data_time": 0.03475910425186157, "time": 0.06498178839683533, "step": 6}
{"lr": 0.0001, "data_time": 0.0002953767776489258, "loss": 0.3707763165235519, "time": 0.05484364032745361, "epoch": 7, "iter": 754, "memory": 921, "step": 754}
{"lr": 0.0001, "data_time": 0.00027663707733154296, "loss": 0.36682223677635195, "time": 0.054860281944274905, "epoch": 8, "iter": 863, "memory": 921, "step": 863}
{"accuracy/top1": 89.22018432617188, "accuracy/top5": 97.47706604003906, "data_time": 0.034507572650909424, "time": 0.06480276584625244, "step": 8}
{"lr": 0.0001, "data_time": 0.0002710103988647461, "loss": 0.3324016571044922, "time": 0.05498778820037842, "epoch": 9, "iter": 972, "memory": 921, "step": 972}
{"lr": 1e-05, "data_time": 0.0003232717514038086, "loss": 0.31145375967025757, "time": 0.055100321769714355, "epoch": 10, "iter": 1081, "memory": 921, "step": 1081}
{"accuracy/top1": 89.22018432617188, "accuracy/top5": 97.47706604003906, "data_time": 0.03297743201255798, "time": 0.06346482038497925, "step": 10}
