{"aAcc": 98.88, "mIoU": 92.25, "mAcc": 96.31, "data_time": 0.0023423910140991213, "time": 0.03535010814666748}