{"coco/bbox_mAP": 0.955, "coco/bbox_mAP_50": 0.992, "coco/bbox_mAP_75": 0.992, "coco/bbox_mAP_s": -1.0, "coco/bbox_mAP_m": -1.0, "coco/bbox_mAP_l": 0.955, "data_time": 2.439107241630554, "time": 2.4667280292510987}