{"coco/bbox_mAP": 0.865, "coco/bbox_mAP_50": 0.988, "coco/bbox_mAP_75": 0.925, "coco/bbox_mAP_s": -1.0, "coco/bbox_mAP_m": -1.0, "coco/bbox_mAP_l": 0.865, "data_time": 1.55360061781747, "time": 1.5707570314407349}