{"coco/bbox_mAP": 0.808, "coco/bbox_mAP_50": 0.97, "coco/bbox_mAP_75": 0.97, "coco/bbox_mAP_s": -1.0, "coco/bbox_mAP_m": -1.0, "coco/bbox_mAP_l": 0.808, "data_time": 1.4041748841603596, "time": 1.528246800104777}