{"coco/bbox_mAP": 0.669, "coco/bbox_mAP_50": 0.961, "coco/bbox_mAP_75": 0.877, "coco/bbox_mAP_s": -1.0, "coco/bbox_mAP_m": -1.0, "coco/bbox_mAP_l": 0.669, "data_time": 1.4022064208984375, "time": 1.5264396667480469}