{"aAcc": 99.24, "mIoU": 83.16, "mAcc": 90.61, "data_time": 0.002248120307922363, "time": 0.03520655632019043}