{"lr": 0.0019957671199480206, "data_time": 0.020337581634521484, "loss": 0.15494793131947518, "decode.loss_ce": 0.10124575458467007, "decode.acc_seg": 100.0, "aux.loss_ce": 0.053702175989747046, "aux.acc_seg": 100.0, "time": 0.10507757663726806, "memory": 5285, "step": 100}
{"lr": 0.0019914904171584955, "data_time": 0.014729976654052734, "loss": 0.09912568479776382, "decode.loss_ce": 0.06627119071781636, "decode.acc_seg": 100.0, "aux.loss_ce": 0.03285449277609587, "aux.acc_seg": 100.0, "time": 0.10049407482147217, "memory": 1424, "step": 200}
{"lr": 0.001987212639684338, "data_time": 0.010996794700622559, "loss": 0.10415231361985207, "decode.loss_ce": 0.07115243431180715, "decode.acc_seg": 96.78446197509766, "aux.loss_ce": 0.03299987772479653, "aux.acc_seg": 96.78446197509766, "time": 0.09961276054382324, "memory": 1424, "step": 300}
{"lr": 0.0019829337845474536, "data_time": 0.0050906181335449215, "loss": 0.07322176359593868, "decode.loss_ce": 0.05093622654676437, "decode.acc_seg": 100.0, "aux.loss_ce": 0.022285537235438822, "aux.acc_seg": 100.0, "time": 0.09062538146972657, "memory": 1424, "step": 400}
{"aAcc": 98.13, "mIoU": 49.92, "mAcc": 50.86, "data_time": 0.002217674255371094, "time": 0.035499978065490725, "step": 400}
{"lr": 0.001978653848753946, "data_time": 0.021236824989318847, "loss": 0.1343353196978569, "decode.loss_ce": 0.09512010142207146, "decode.acc_seg": 94.38419342041016, "aux.loss_ce": 0.03921521697193384, "aux.acc_seg": 93.05555725097656, "time": 0.10705537796020508, "memory": 1424, "step": 500}
{"lr": 0.0019743728292940087, "data_time": 0.010743498802185059, "loss": 0.07373097278177738, "decode.loss_ce": 0.05067030973732471, "decode.acc_seg": 99.65311431884766, "aux.loss_ce": 0.02306066285818815, "aux.acc_seg": 99.61954498291016, "time": 0.09754378795623779, "memory": 1424, "step": 600}
{"lr": 0.0019700907231417837, "data_time": 0.011432242393493653, "loss": 0.07416437864303589, "decode.loss_ce": 0.05093037383630872, "decode.acc_seg": 95.1690673828125, "aux.loss_ce": 0.023234006203711032, "aux.acc_seg": 94.95442199707031, "time": 0.09919893741607666, "memory": 1424, "step": 700}
{"lr": 0.001965807527255246, "data_time": 0.004980993270874023, "loss": 0.14776169788092375, "decode.loss_ce": 0.10605022506788372, "decode.acc_seg": 98.43851470947266, "aux.loss_ce": 0.04171147421002388, "aux.acc_seg": 97.95023345947266, "time": 0.09114916324615478, "memory": 1424, "step": 800}
{"aAcc": 99.05, "mIoU": 75.41, "mAcc": 76.85, "data_time": 0.0021190881729125977, "time": 0.035345053672790526, "step": 800}
{"lr": 0.00196152323857607, "data_time": 0.010738468170166016, "loss": 0.11936787525191903, "decode.loss_ce": 0.08087355326861143, "decode.acc_seg": 100.0, "aux.loss_ce": 0.03849432053975761, "aux.acc_seg": 100.0, "time": 0.09626128673553466, "memory": 1424, "step": 900}
{"lr": 0.0019572378540295057, "data_time": 0.0054564237594604496, "loss": 0.06500496715307236, "decode.loss_ce": 0.045437082974240185, "decode.acc_seg": 99.2431640625, "aux.loss_ce": 0.019567884411662816, "aux.acc_seg": 99.4140625, "time": 0.09199683666229248, "memory": 1424, "step": 1000}
{"lr": 0.001952951370524242, "data_time": 0.0050365209579467775, "loss": 0.047721844632178545, "decode.loss_ce": 0.033121550409123304, "decode.acc_seg": 99.1180419921875, "aux.loss_ce": 0.014600294129922985, "aux.acc_seg": 99.43440246582031, "time": 0.09135582447052001, "memory": 1424, "step": 1100}
{"lr": 0.0019486637849522855, "data_time": 0.0050075769424438475, "loss": 0.05802171351388097, "decode.loss_ce": 0.04074224247597158, "decode.acc_seg": 98.980712890625, "aux.loss_ce": 0.01727947066538036, "aux.acc_seg": 99.25434875488281, "time": 0.09083704948425293, "memory": 1424, "step": 1200}
{"aAcc": 99.3, "mIoU": 82.46, "mAcc": 85.06, "data_time": 0.002138042449951172, "time": 0.0357764720916748, "step": 1200}
{"lr": 0.0019443750941887995, "data_time": 0.007228446006774902, "loss": 0.14039590898901225, "decode.loss_ce": 0.09919056654907762, "decode.acc_seg": 95.95984649658203, "aux.loss_ce": 0.04120534579269588, "aux.acc_seg": 98.6022720336914, "time": 0.09818952083587647, "memory": 1424, "step": 1300}
{"lr": 0.001940085295092003, "data_time": 0.010413932800292968, "loss": 0.08691441304981709, "decode.loss_ce": 0.06037208894267678, "decode.acc_seg": 99.18110656738281, "aux.loss_ce": 0.02654232420027256, "aux.acc_seg": 99.25028228759766, "time": 0.09759950637817383, "memory": 1424, "step": 1400}
{"lr": 0.0019357943845030147, "data_time": 0.00600886344909668, "loss": 0.05996530298143625, "decode.loss_ce": 0.04160452946089208, "decode.acc_seg": 100.0, "aux.loss_ce": 0.018360774870961903, "aux.acc_seg": 100.0, "time": 0.10353951454162598, "memory": 1424, "step": 1500}
{"lr": 0.0019315023592457242, "data_time": 0.012807488441467285, "loss": 0.04275353588163853, "decode.loss_ce": 0.02986053070053458, "decode.acc_seg": 94.53022766113281, "aux.loss_ce": 0.012893003900535405, "aux.acc_seg": 99.30928039550781, "time": 0.1014098882675171, "memory": 1424, "step": 1600}
{"aAcc": 99.3, "mIoU": 83.91, "mAcc": 89.8, "data_time": 0.0021686553955078125, "time": 0.035672330856323244, "step": 1600}
{"lr": 0.0019272092161266483, "data_time": 0.010705924034118653, "loss": 0.045169574581086634, "decode.loss_ce": 0.02820174479857087, "decode.acc_seg": 100.0, "aux.loss_ce": 0.016967829037457704, "aux.acc_seg": 100.0, "time": 0.0984990119934082, "memory": 1424, "step": 1700}
{"lr": 0.0019229149519347903, "data_time": 0.007781600952148438, "loss": 0.07837136005982756, "decode.loss_ce": 0.05695016123354435, "decode.acc_seg": 97.29410552978516, "aux.loss_ce": 0.021421197149902583, "aux.acc_seg": 98.65213775634766, "time": 0.10426580905914307, "memory": 1424, "step": 1800}
{"lr": 0.001918619563441499, "data_time": 0.005349278450012207, "loss": 0.04694691738113761, "decode.loss_ce": 0.031069955695420502, "decode.acc_seg": 100.0, "aux.loss_ce": 0.01587696126662195, "aux.acc_seg": 100.0, "time": 0.09486632347106934, "memory": 1424, "step": 1900}
{"lr": 0.0019143230474003283, "data_time": 0.0046961307525634766, "loss": 0.0533265782520175, "decode.loss_ce": 0.03684109905734658, "decode.acc_seg": 99.77213287353516, "aux.loss_ce": 0.016485478123649956, "aux.acc_seg": 99.627685546875, "time": 0.0922041654586792, "memory": 1424, "step": 2000}
{"aAcc": 99.42, "mIoU": 85.8, "mAcc": 89.34, "data_time": 0.0021915674209594727, "time": 0.03603355884552002, "step": 2000}
{"lr": 0.0019100254005468865, "data_time": 0.0062858819961547855, "loss": 0.05609504794701934, "decode.loss_ce": 0.03954747561365366, "decode.acc_seg": 96.37921142578125, "aux.loss_ce": 0.016547570866532624, "aux.acc_seg": 96.34036254882812, "time": 0.09411036968231201, "memory": 1424, "step": 2100}
{"lr": 0.001905726619598692, "data_time": 0.005260443687438965, "loss": 0.04014500007033348, "decode.loss_ce": 0.026961100939661264, "decode.acc_seg": 98.87898254394531, "aux.loss_ce": 0.01318389973603189, "aux.acc_seg": 98.138427734375, "time": 0.09189743995666504, "memory": 1424, "step": 2200}
{"lr": 0.0019014267012550244, "data_time": 0.00575106143951416, "loss": 0.042828137055039406, "decode.loss_ce": 0.02891719334293157, "decode.acc_seg": 100.0, "aux.loss_ce": 0.013910944038070739, "aux.acc_seg": 100.0, "time": 0.09336833953857422, "memory": 1424, "step": 2300}
{"lr": 0.0018971256421967786, "data_time": 0.007271480560302734, "loss": 0.050744906160980464, "decode.loss_ce": 0.03345743860118091, "decode.acc_seg": 100.0, "aux.loss_ce": 0.0172874667448923, "aux.acc_seg": 100.0, "time": 0.09348082542419434, "memory": 1424, "step": 2400}
{"aAcc": 98.36, "mIoU": 74.63, "mAcc": 94.12, "data_time": 0.0024366855621337892, "time": 0.03750889301300049, "step": 2400}
{"lr": 0.0018928234390863002, "data_time": 0.007813143730163574, "loss": 0.036580237979069355, "decode.loss_ce": 0.025072466349229217, "decode.acc_seg": 96.23514556884766, "aux.loss_ce": 0.011507771257311106, "aux.acc_seg": 96.063232421875, "time": 0.09494526386260986, "memory": 1424,