{"accuracy/top1": 90.36697387695312, "accuracy/top5": 97.93577575683594, "data_time": 0.10269880294799805, "time": 0.14500975608825684}