{"accuracy/top1": 91.51376342773438, "accuracy/top5": 98.39449310302734, "data_time": 0.09638810157775879, "time": 0.2016498020717076}