{"accuracy/top1": 96.78694915771484, "data_time": 0.004544958472251892, "time": 0.024602927267551422}