{"aAcc": 82.97, "mIoU": 58.28, "mAcc": 69.83, "data_time": 0.003453350067138672, "time": 0.5153771638870239}