{"lr": 0.00997794446709763, "data_time": 0.020580506324768065, "loss": 0.13876487836241722, "decode.loss_ce": 0.0978412538766861, "decode.acc_seg": 100.0, "aux.loss_ce": 0.040923624858260156, "aux.acc_seg": 100.0, "time": 0.10446791648864746, "memory": 5278, "step": 100}
{"lr": 0.009955660594668054, "data_time": 0.009302997589111328, "loss": 0.0858652327209711, "decode.loss_ce": 0.061024428345263004, "decode.acc_seg": 100.0, "aux.loss_ce": 0.024840803537517785, "aux.acc_seg": 100.0, "time": 0.09427416324615479, "memory": 1421, "step": 200}
{"lr": 0.009933371122565919, "data_time": 0.00743253231048584, "loss": 0.12483001463115215, "decode.loss_ce": 0.09125833921134471, "decode.acc_seg": 96.78446197509766, "aux.loss_ce": 0.03357167448848486, "aux.acc_seg": 96.78446197509766, "time": 0.09220452308654785, "memory": 1421, "step": 300}
{"lr": 0.009911076035273796, "data_time": 0.004807567596435547, "loss": 0.07932887263596058, "decode.loss_ce": 0.05794915370643139, "decode.acc_seg": 100.0, "aux.loss_ce": 0.02137971865013242, "aux.acc_seg": 100.0, "time": 0.09032261371612549, "memory": 1421, "step": 400}
{"aAcc": 98.21, "mIoU": 51.96, "mAcc": 52.86, "data_time": 0.0022068023681640625, "time": 0.035908865928649905, "step": 400}
{"lr": 0.0098887753171919, "data_time": 0.016893529891967775, "loss": 0.15182360261678696, "decode.loss_ce": 0.10796116217970848, "decode.acc_seg": 91.38684844970703, "aux.loss_ce": 0.04386244062334299, "aux.acc_seg": 92.39277648925781, "time": 0.10291457176208496, "memory": 1421, "step": 500}
{"lr": 0.009866468952637547, "data_time": 0.011660051345825196, "loss": 0.14210701771080494, "decode.loss_ce": 0.1012056015431881, "decode.acc_seg": 97.26155090332031, "aux.loss_ce": 0.04090141523629427, "aux.acc_seg": 98.80268859863281, "time": 0.09768385887145996, "memory": 1421, "step": 600}
{"lr": 0.009844156925844432, "data_time": 0.00880427360534668, "loss": 0.12556352317333222, "decode.loss_ce": 0.09072015434503555, "decode.acc_seg": 90.3289794921875, "aux.loss_ce": 0.03484337031841278, "aux.acc_seg": 90.008544921875, "time": 0.09472017288208008, "memory": 1421, "step": 700}
{"lr": 0.009821839220962003, "data_time": 0.00501244068145752, "loss": 0.1935830783098936, "decode.loss_ce": 0.1426217895001173, "decode.acc_seg": 88.20597076416016, "aux.loss_ce": 0.050961289834231135, "aux.acc_seg": 92.89041900634766, "time": 0.09144859313964844, "memory": 1421, "step": 800}
{"aAcc": 98.48, "mIoU": 59.5, "mAcc": 60.31, "data_time": 0.0020807743072509765, "time": 0.03592934608459473, "step": 800}
