{"lr": 0.00997794446709763, "data_time": 0.020580506324768065, "loss": 0.13876487836241722, "decode.loss_ce": 0.0978412538766861, "decode.acc_seg": 100.0, "aux.loss_ce": 0.040923624858260156, "aux.acc_seg": 100.0, "time": 0.10446791648864746, "memory": 5278, "step": 100}
{"lr": 0.009955660594668054, "data_time": 0.009302997589111328, "loss": 0.0858652327209711, "decode.loss_ce": 0.061024428345263004, "decode.acc_seg": 100.0, "aux.loss_ce": 0.024840803537517785, "aux.acc_seg": 100.0, "time": 0.09427416324615479, "memory": 1421, "step": 200}
{"lr": 0.009933371122565919, "data_time": 0.00743253231048584, "loss": 0.12483001463115215, "decode.loss_ce": 0.09125833921134471, "decode.acc_seg": 96.78446197509766, "aux.loss_ce": 0.03357167448848486, "aux.acc_seg": 96.78446197509766, "time": 0.09220452308654785, "memory": 1421, "step": 300}
{"lr": 0.009911076035273796, "data_time": 0.004807567596435547, "loss": 0.07932887263596058, "decode.loss_ce": 0.05794915370643139, "decode.acc_seg": 100.0, "aux.loss_ce": 0.02137971865013242, "aux.acc_seg": 100.0, "time": 0.09032261371612549, "memory": 1421, "step": 400}
{"aAcc": 98.21, "mIoU": 51.96, "mAcc": 52.86, "data_time": 0.0022068023681640625, "time": 0.035908865928649905, "step": 400}
{"lr": 0.0098887753171919, "data_time": 0.016893529891967775, "loss": 0.15182360261678696, "decode.loss_ce": 0.10796116217970848, "decode.acc_seg": 91.38684844970703, "aux.loss_ce": 0.04386244062334299, "aux.acc_seg": 92.39277648925781, "time": 0.10291457176208496, "memory": 1421, "step": 500}
{"lr": 0.009866468952637547, "data_time": 0.011660051345825196, "loss": 0.14210701771080494, "decode.loss_ce": 0.1012056015431881, "decode.acc_seg": 97.26155090332031, "aux.loss_ce": 0.04090141523629427, "aux.acc_seg": 98.80268859863281, "time": 0.09768385887145996, "memory": 1421, "step": 600}
{"lr": 0.009844156925844432, "data_time": 0.00880427360534668, "loss": 0.12556352317333222, "decode.loss_ce": 0.09072015434503555, "decode.acc_seg": 90.3289794921875, "aux.loss_ce": 0.03484337031841278, "aux.acc_seg": 90.008544921875, "time": 0.09472017288208008, "memory": 1421, "step": 700}
{"lr": 0.009821839220962003, "data_time": 0.00501244068145752, "loss": 0.1935830783098936, "decode.loss_ce": 0.1426217895001173, "decode.acc_seg": 88.20597076416016, "aux.loss_ce": 0.050961289834231135, "aux.acc_seg": 92.89041900634766, "time": 0.09144859313964844, "memory": 1421, "step": 800}
{"aAcc": 98.48, "mIoU": 59.5, "mAcc": 60.31, "data_time": 0.0020807743072509765, "time": 0.03592934608459473, "step": 800}
{"lr": 0.00997794446709763, "data_time": 0.011690378189086914, "loss": 0.1513252764940262, "decode.loss_ce": 0.11088448688387871, "decode.acc_seg": 100.0, "aux.loss_ce": 0.04044078849256039, "aux.acc_seg": 100.0, "time": 0.09502606391906739, "memory": 1799, "step": 100}
{"lr": 0.009955660594668054, "data_time": 0.005076837539672851, "loss": 0.09342573434114457, "decode.loss_ce": 0.0660867489874363, "decode.acc_seg": 100.0, "aux.loss_ce": 0.027338985167443753, "aux.acc_seg": 100.0, "time": 0.08949170112609864, "memory": 1799, "step": 200}
{"lr": 0.009933371122565919, "data_time": 0.006681752204895019, "loss": 0.1172769240103662, "decode.loss_ce": 0.08295922381803393, "decode.acc_seg": 96.78446197509766, "aux.loss_ce": 0.03431769860908389, "aux.acc_seg": 96.78446197509766, "time": 0.09056789875030517, "memory": 1799, "step": 300}
{"lr": 0.009911076035273796, "data_time": 0.0047998189926147464, "loss": 0.07203574161976575, "decode.loss_ce": 0.05088290348649025, "decode.acc_seg": 100.0, "aux.loss_ce": 0.021152839390560986, "aux.acc_seg": 100.0, "time": 0.08925023078918456, "memory": 1799, "step": 400}
{"aAcc": 98.1, "mIoU": 49.05, "mAcc": 50.0, "data_time": 0.002212214469909668, "time": 0.035748767852783206, "step": 400}
{"lr": 0.0098887753171919, "data_time": 0.01602010726928711, "loss": 0.1506917357444763, "decode.loss_ce": 0.10899975635111332, "decode.acc_seg": 91.2581787109375, "aux.loss_ce": 0.04169197790324688, "aux.acc_seg": 91.3888931274414, "time": 0.10086257457733154, "memory": 1799, "step": 500}
{"lr": 0.009866468952637547, "data_time": 0.009401583671569824, "loss": 0.12587214335799218, "decode.loss_ce": 0.09185301512479782, "decode.acc_seg": 96.9451904296875, "aux.loss_ce": 0.03401912916451692, "aux.acc_seg": 98.358154296875, "time": 0.09353268146514893, "memory": 1799, "step": 600}
{"lr": 0.009844156925844432, "data_time": 0.014311742782592774, "loss": 0.11426111720502377, "decode.loss_ce": 0.08079177215695381, "decode.acc_seg": 93.79984283447266, "aux.loss_ce": 0.033469343278557065, "aux.acc_seg": 90.11128234863281, "time": 0.09959752559661865, "memory": 1799, "step": 700}
{"lr": 0.009821839220962003, "data_time": 0.005036401748657227, "loss": 0.20135348215699195, "decode.loss_ce": 0.14651909247040748, "decode.acc_seg": 95.3399658203125, "aux.loss_ce": 0.05483438856899738, "aux.acc_seg": 94.44681549072266, "time": 0.09049420356750489, "memory": 1799, "step": 800}
{"aAcc": 98.42, "mIoU": 71.64, "mAcc": 83.33, "data_time": 0.0020562410354614258, "time": 0.035230064392089845, "step": 800}
{"lr": 0.009799515822054777, "data_time": 0.008045482635498046, "loss": 0.167665390484035, "decode.loss_ce": 0.12000131029635668, "decode.acc_seg": 99.97151184082031, "aux.loss_ce": 0.04766407925635576, "aux.acc_seg": 100.0, "time": 0.09285221099853516, "memory": 1799, "step": 900}
{"lr": 0.00977718671310168, "data_time": 0.010040092468261718, "loss": 0.11917216032743454, "decode.loss_ce": 0.08637196253985166, "decode.acc_seg": 97.2137451171875, "aux.loss_ce": 0.03280019545927644, "aux.acc_seg": 97.2137451171875, "time": 0.09632041454315185, "memory": 1799, "step": 1000}
{"lr": 0.009754851877995354, "data_time": 0.00790865421295166, "loss": 0.07553062029182911, "decode.loss_ce": 0.05281289294362068, "decode.acc_seg": 97.0367431640625, "aux.loss_ce": 0.0227177279535681, "aux.acc_seg": 98.49039459228516, "time": 0.09719185829162598, "memory": 1799, "step": 1100}
{"lr": 0.009732511300541468, "data_time": 0.012511563301086426, "loss": 0.08440085165202618, "decode.loss_ce": 0.0605278542265296, "decode.acc_seg": 99.32148742675781, "aux.loss_ce": 0.023872998217120765, "aux.acc_seg": 97.87699127197266, "time": 0.10185086727142334, "memory": 1799, "step": 1200}
{"aAcc": 98.43, "mIoU": 59.57, "mAcc": 60.72, "data_time": 0.002130270004272461, "time": 0.03569583892822266, "step": 1200}
{"lr": 0.009710164964458045, "data_time": 0.004598784446716309, "loss": 0.14007516521960497, "decode.loss_ce": 0.09763812134042382, "decode.acc_seg": 95.83232116699219, "aux.loss_ce": 0.04243704453110695, "aux.acc_seg": 96.45364379882812, "time": 0.09312024116516113, "memory": 1799, "step": 1300}
{"lr": 0.009687812853374727, "data_time": 0.005699944496154785, "loss": 0.09404099825769663, "decode.loss_ce": 0.06569046527147293, "decode.acc_seg": 97.09574127197266, "aux.loss_ce": 0.02835053442977369, "aux.acc_seg": 95.27790832519531, "time": 0.09105191230773926, "memory": 1799, "step": 1400}
{"lr": 0.009665454950832103, "data_time": 0.006407880783081054, "loss": 0.0916833495721221, "decode.loss_ce": 0.06427446976304055, "decode.acc_seg": 100.0, "aux.loss_ce": 0.027408879576250912, "aux.acc_seg": 100.0, "time": 0.09214434623718262, "memory": 1799, "step": 1500}
{"lr": 0.009643091240280942, "data_time": 0.008931541442871093, "loss": 0.06288191638886928, "decode.loss_ce": 0.043078361358493564, "decode.acc_seg": 100.0, "aux.loss_ce": 0.019803555170074105, "aux.acc_seg": 99.99491119384766, "time": 0.09964289665222167, "memory": 1799, "step": 1600}
{"aAcc": 98.6, "mIoU": 75.45, "mAcc": 89.98, "data_time": 0.002154707908630371, "time": 0.0357797384262085, "step": 1600}
{"lr": 0.009620721705081534, "data_time": 0.007932329177856445, "loss": 0.04958695629611611, "decode.loss_ce": 0.03446435639634728, "decode.acc_seg": 100.0, "aux.loss_ce": 0.015122599434107542, "aux.acc_seg": 100.0, "time": 0.09385471343994141, "memory": 1799, "step": 1700}
{"lr": 0.009598346328502901, "data_time": 0.0058582544326782225,