{"coco/bbox_mAP": 0.76, "coco/bbox_mAP_50": 0.967, "coco/bbox_mAP_75": 0.967, "coco/bbox_mAP_s": -1.0, "coco/bbox_mAP_m": -1.0, "coco/bbox_mAP_l": 0.76, "data_time": 1.3250221411387126, "time": 1.4489447275797527}