{"lr": 0.0029935392883417315, "data_time": 0.03904216289520264, "loss": 0.2898874580860138, "decode.loss_ce": 0.19316719546914102, "decode.acc_seg": 91.29740142822266, "aux.loss_ce": 0.09672026187181473, "aux.acc_seg": 89.76541900634766, "time": 0.12391982078552247, "memory": 5278, "step": 100}
{"lr": 0.0029870116893472086, "data_time": 0.029365134239196778, "loss": 0.24144850373268129, "decode.loss_ce": 0.17135658860206604, "decode.acc_seg": 96.00931549072266, "aux.loss_ce": 0.07009191252291203, "aux.acc_seg": 96.23921203613281, "time": 0.11252198219299317, "memory": 1421, "step": 200}
{"lr": 0.0029804824500445646, "data_time": 0.018162631988525392, "loss": 0.3603683367371559, "decode.loss_ce": 0.2574279263615608, "decode.acc_seg": 95.05106353759766, "aux.loss_ce": 0.10294040255248546, "aux.acc_seg": 94.42951965332031, "time": 0.10235533714294434, "memory": 1421, "step": 300}
{"lr": 0.002973951565888283, "data_time": 0.023606491088867188, "loss": 0.16048478409647943, "decode.loss_ce": 0.11089309565722942, "decode.acc_seg": 91.57205963134766, "aux.loss_ce": 0.049591687694191935, "aux.acc_seg": 91.26484680175781, "time": 0.10846354961395263, "memory": 1421, "step": 400}
{"aAcc": 98.05, "mIoU": 87.06, "mAcc": 92.73, "data_time": 0.0019896268844604493, "time": 0.03376157283782959, "step": 400}
{"lr": 0.00296741903230874, "data_time": 0.019540786743164062, "loss": 0.3149025022983551, "decode.loss_ce": 0.21860962882637977, "decode.acc_seg": 96.4813232421875, "aux.loss_ce": 0.09629287011921406, "aux.acc_seg": 95.10700988769531, "time": 0.10374548435211181, "memory": 4950, "step": 500}
{"lr": 0.00296088484471201, "data_time": 0.02034916877746582, "loss": 0.1890079617500305, "decode.loss_ce": 0.1310777734965086, "decode.acc_seg": 92.34410858154297, "aux.loss_ce": 0.057930189184844494, "aux.acc_seg": 93.01747131347656, "time": 0.10484645366668702, "memory": 1421, "step": 600}
{"lr": 0.002954348998479682, "data_time": 0.021929216384887696, "loss": 0.16980592980980874, "decode.loss_ce": 0.11895491108298302, "decode.acc_seg": 93.9300537109375, "aux.loss_ce": 0.05085102114826441, "aux.acc_seg": 93.450927734375, "time": 0.10581960678100585, "memory": 1421, "step": 700}
{"lr": 0.002947811488968665, "data_time": 0.02403116226196289, "loss": 0.1288960114121437, "decode.loss_ce": 0.08973216712474823, "decode.acc_seg": 94.53836822509766, "aux.loss_ce": 0.03916384391486645, "aux.acc_seg": 95.27587890625, "time": 0.10803651809692383, "memory": 1421, "step": 800}
{"aAcc": 98.45, "mIoU": 89.07, "mAcc": 92.26, "data_time": 0.00198979377746582, "time": 0.034219908714294436, "step": 800}
{"lr": 0.0029412723115109936, "data_time": 0.02265470027923584, "loss": 0.14751021191477776, "decode.loss_ce": 0.10179182961583137, "decode.acc_seg": 96.15986633300781, "aux.loss_ce": 0.04571838136762381, "aux.acc_seg": 97.07437896728516, "time": 0.10650386810302734, "memory": 1421, "step": 900}
{"lr": 0.0029347314614136216, "data_time": 0.021967244148254395, "loss": 0.15272219255566596, "decode.loss_ce": 0.10747339390218258, "decode.acc_seg": 94.87202453613281, "aux.loss_ce": 0.04524879734963179, "aux.acc_seg": 94.14570617675781, "time": 0.10604345798492432, "memory": 1421, "step": 1000}
{"lr": 0.002928188933958233, "data_time": 0.027113461494445802, "loss": 0.10359379872679711, "decode.loss_ce": 0.07200438529253006, "decode.acc_seg": 96.90666198730469, "aux.loss_ce": 0.03158941380679607, "aux.acc_seg": 95.91809844970703, "time": 0.11157617568969727, "memory": 1421, "step": 1100}
{"lr": 0.002921644724401035, "data_time": 0.024260687828063964, "loss": 0.0748334288597107, "decode.loss_ce": 0.05173231437802315, "decode.acc_seg": 96.97773742675781, "aux.loss_ce": 0.02310111476108432, "aux.acc_seg": 96.61152648925781, "time": 0.1086766242980957, "memory": 1421, "step": 1200}
{"aAcc": 98.42, "mIoU": 89.43, "mAcc": 94.89, "data_time": 0.0021767616271972656, "time": 0.0346677303314209, "step": 1200}
{"lr": 0.0029150988279725556, "data_time": 0.027772164344787596, "loss": 0.21555755659937859, "decode.loss_ce": 0.14849927872419358, "decode.acc_seg": 93.06742095947266, "aux.loss_ce": 0.06705827359110117, "aux.acc_seg": 83.84195709228516, "time": 0.11241369247436524, "memory": 1421, "step": 1300}
{"lr": 0.0029085512398774457, "data_time": 0.03568623065948486, "loss": 0.11808479279279709, "decode.loss_ce": 0.0806817714124918, "decode.acc_seg": 96.77530670166016, "aux.loss_ce": 0.03740302287042141, "aux.acc_seg": 94.86083984375, "time": 0.11991961002349853, "memory": 1421, "step": 1400}
{"lr": 0.0029020019552942517, "data_time": 0.021327614784240723, "loss": 0.09535330161452293, "decode.loss_ce": 0.06719262562692166, "decode.acc_seg": 95.15278625488281, "aux.loss_ce": 0.028160676825791597, "aux.acc_seg": 95.66650390625, "time": 0.10537962913513184, "memory": 1421, "step": 1500}
{"lr": 0.0028954509693752298, "data_time": 0.020782208442687987, "loss": 0.11086735799908638, "decode.loss_ce": 0.0791924949735403, "decode.acc_seg": 98.56668853759766, "aux.loss_ce": 0.031674863398075105, "aux.acc_seg": 98.70706939697266, "time": 0.1051637887954712, "memory": 1421, "step": 1600}
{"aAcc": 98.65, "mIoU": 90.5, "mAcc": 93.83, "data_time": 0.002112007141113281, "time": 0.03428683280944824, "step": 1600}
{"lr": 0.0028888982772461097, "data_time": 0.025515055656433104, "loss": 0.08124575726687908, "decode.loss_ce": 0.055868509225547314, "decode.acc_seg": 99.00715637207031, "aux.loss_ce": 0.02537724832072854, "aux.acc_seg": 98.90034484863281, "time": 0.11029300689697266, "memory": 1421, "step": 1700}
{"lr": 0.0028823438740059036, "data_time": 0.02088956832885742, "loss": 0.12400446012616158, "decode.loss_ce": 0.08646240271627903, "decode.acc_seg": 99.56156158447266, "aux.loss_ce": 0.03754205675795674, "aux.acc_seg": 99.59309387207031, "time": 0.1052699089050293, "memory": 1421, "step": 1800}
{"lr": 0.0028757877547266695, "data_time": 0.022700953483581542, "loss": 0.09679673686623573, "decode.loss_ce": 0.06738496124744416, "decode.acc_seg": 97.76814270019531, "aux.loss_ce": 0.02941177524626255, "aux.acc_seg": 97.39277648925781, "time": 0.10770494937896728, "memory": 1421, "step": 1900}
{"lr": 0.002869229914453305, "data_time": 0.024739742279052734, "loss": 0.06357367783784866, "decode.loss_ce": 0.04404352717101574, "decode.acc_seg": 98.0224609375, "aux.loss_ce": 0.019530151039361954, "aux.acc_seg": 98.03263092041016, "time": 0.10905303955078124, "memory": 1421, "step": 2000}
{"aAcc": 98.7, "mIoU": 90.99, "mAcc": 94.95, "data_time": 0.002021455764770508, "time": 0.034376883506774904, "step": 2000}
{"lr": 0.0028626703482033185, "data_time": 0.028557443618774415, "loss": 0.0917216394096613, "decode.loss_ce": 0.06542451716959477, "decode.acc_seg": 96.78141021728516, "aux.loss_ce": 0.026297123078256844, "aux.acc_seg": 96.71528625488281, "time": 0.11262516975402832, "memory": 1421, "step": 2100}
{"lr": 0.0028561090509666, "data_time": 0.03077232837677002, "loss": 0.12817864157259465, "decode.loss_ce": 0.08632964957505465, "decode.acc_seg": 95.80789947509766, "aux.loss_ce": 0.041848990973085164, "aux.acc_seg": 95.82621002197266, "time": 0.11572308540344238, "memory": 1421, "step": 2200}
{"lr": 0.002849546017705211, "data_time": 0.025281095504760744, "loss": 0.1697029359638691, "decode.loss_ce": 0.11940785944461822, "decode.acc_seg": 96.66544342041016, "aux.loss_ce": 0.05029507949948311, "aux.acc_seg": 95.9320068359375, "time": 0.10954647064208985, "memory": 1421, "step": 2300}
{"lr": 0.002842981243353152, "data_time": 0.022898221015930177, "loss": 0.08353803679347038, "decode.loss_ce": 0.0571039205417037, "decode.acc_seg": 98.99494934082031, "aux.loss_ce": 0.02643411671742797, "aux.acc_seg": 98.64908599853516, "time": 0.10667860507965088, "memory": 1421, "step": 2400}
{"aAcc": 98.64, "mIoU": 90.59, "mAcc": 94.53, "data_time": 0.002000117301940918, "time": 0.034203958511352536, "step": 2400}
{"lr": 0.0028364147228161075, "data_time": 0.02189745903015137, "loss": 0.15326073821634054, "decode.loss_ce": 0.11040216945111751,