{"lr": 0.0009979949515543244, "data_time": 0.004575848579406738, "loss": 0.13266316652297974, "decode.loss_ce": 0.09210239797830581, "decode.acc_seg": 31.55517578125, "aux.loss_ce": 0.04056077040731907, "aux.acc_seg": 26.922607421875, "time": 0.31154212951660154, "memory": 5948, "step": 100}
{"lr": 0.0009959691449698113, "data_time": 0.0045423746109008786, "loss": 0.11516587436199188, "decode.loss_ce": 0.07878590449690819, "decode.acc_seg": 71.5728759765625, "aux.loss_ce": 0.03637996949255466, "aux.acc_seg": 44.7906494140625, "time": 0.31442012786865237, "memory": 3774, "step": 200}
{"lr": 0.0009939428293241574, "data_time": 0.004624414443969727, "loss": 0.1170300893485546, "decode.loss_ce": 0.0805795568972826, "decode.acc_seg": 48.126220703125, "aux.loss_ce": 0.0364505335688591, "aux.acc_seg": 52.2125244140625, "time": 0.3162597894668579, "memory": 3774, "step": 300}
{"lr": 0.0009919160032066854, "data_time": 0.004195261001586914, "loss": 0.10662608817219735, "decode.loss_ce": 0.07140779942274093, "decode.acc_seg": 54.4677734375, "aux.loss_ce": 0.03521828837692738, "aux.acc_seg": 43.243408203125, "time": 0.31886610984802244, "memory": 3774, "step": 400}
{"aAcc": 59.79, "mIoU": 19.19, "mAcc": 27.5, "data_time": 0.003682518005371094, "time": 0.5167177438735961, "step": 400}
{"lr": 0.000989888665199235, "data_time": 0.004239678382873535, "loss": 0.1057050071656704, "decode.loss_ce": 0.071865214407444, "decode.acc_seg": 48.08349609375, "aux.loss_ce": 0.03383979182690382, "aux.acc_seg": 48.3642578125, "time": 0.31865754127502444, "memory": 4997, "step": 500}
{"lr": 0.0009878608138761057, "data_time": 0.0045430660247802734, "loss": 0.10106995105743408, "decode.loss_ce": 0.06826548464596272, "decode.acc_seg": 49.57275390625, "aux.loss_ce": 0.0328044667840004, "aux.acc_seg": 31.597900390625, "time": 0.32340662479400634, "memory": 3774, "step": 600}
{"lr": 0.0009858324478039984, "data_time": 0.004299330711364746, "loss": 0.09654810503125191, "decode.loss_ce": 0.06585588753223419, "decode.acc_seg": 53.570556640625, "aux.loss_ce": 0.030692216567695142, "aux.acc_seg": 52.2125244140625, "time": 0.3214674472808838, "memory": 3774, "step": 700}
{"lr": 0.0009838035655419543, "data_time": 0.004453492164611816, "loss": 0.09720648750662804, "decode.loss_ce": 0.06615824736654759, "decode.acc_seg": 66.9891357421875, "aux.loss_ce": 0.031048239208757877, "aux.acc_seg": 72.210693359375, "time": 0.3187662839889526, "memory": 3774, "step": 800}
{"aAcc": 58.12, "mIoU": 16.52, "mAcc": 23.99, "data_time": 0.00399937629699707, "time": 0.2726051568984985, "step": 800}
{"lr": 0.0009817741656412916, "data_time": 0.004125046730041504, "loss": 0.09485222101211548, "decode.loss_ce": 0.06478937603533268, "decode.acc_seg": 45.1690673828125, "aux.loss_ce": 0.030062843672931196, "aux.acc_seg": 44.873046875, "time": 0.32287020683288575, "memory": 3774, "step": 900}
{"lr": 0.0009797442466455493, "data_time": 0.004159736633300781, "loss": 0.09717171788215637, "decode.loss_ce": 0.06637737080454827, "decode.acc_seg": 62.8326416015625, "aux.loss_ce": 0.030794346891343593, "aux.acc_seg": 46.856689453125, "time": 0.3213840961456299, "memory": 3774, "step": 1000}
{"lr": 0.0009777138070904245, "data_time": 0.004775524139404297, "loss": 0.09750568047165871, "decode.loss_ce": 0.06820428371429443, "decode.acc_seg": 64.007568359375, "aux.loss_ce": 0.029301397129893304, "aux.acc_seg": 66.2445068359375, "time": 0.3176007032394409, "memory": 3774, "step": 1100}
{"lr": 0.0009756828455037044, "data_time": 0.004218769073486328, "loss": 0.09097827076911927, "decode.loss_ce": 0.06262089498341084, "decode.acc_seg": 65.7257080078125, "aux.loss_ce": 0.028357375971972944, "aux.acc_seg": 57.0220947265625, "time": 0.3254943609237671, "memory": 3774, "step": 1200}
{"aAcc": 59.28, "mIoU": 18.66, "mAcc": 26.25, "data_time": 0.004082345962524414, "time": 0.2714551448822021, "step": 1200}
{"lr": 0.000973651360405211, "data_time": 0.004615688323974609, "loss": 0.09898238778114318, "decode.loss_ce": 0.0688103623688221, "decode.acc_seg": 59.6710205078125, "aux.loss_ce": 0.030172025971114635, "aux.acc_seg": 58.251953125, "time": 0.31926565170288085, "memory": 3774, "step": 1300}
{"lr": 0.0009716193503067283, "data_time": 0.004537415504455566, "loss": 0.08218251913785934, "decode.loss_ce": 0.0557660486549139, "decode.acc_seg": 75.1129150390625, "aux.loss_ce": 0.026416469551622867, "aux.acc_seg": 73.577880859375, "time": 0.31946673393249514, "memory": 3774, "step": 1400}
{"lr": 0.0009695868137119442, "data_time": 0.0042128324508666996, "loss": 0.09727902337908745, "decode.loss_ce": 0.06745018735527993, "decode.acc_seg": 61.8255615234375, "aux.loss_ce": 0.029828834533691406, "aux.acc_seg": 57.244873046875, "time": 0.31794593334197996, "memory": 3774, "step": 1500}
{"lr": 0.0009675537491163855, "data_time": 0.004366445541381836, "loss": 0.08190783336758614, "decode.loss_ce": 0.05671426095068455, "decode.acc_seg": 61.8377685546875, "aux.loss_ce": 0.025193572416901587, "aux.acc_seg": 69.7021484375, "time": 0.31946649551391604, "memory": 3774, "step": 1600}
{"aAcc": 59.54, "mIoU": 19.24, "mAcc": 26.83, "data_time": 0.00395669937133789, "time": 0.2706214666366577, "step": 1600}
{"lr": 0.0009655201550073485, "data_time": 0.004076600074768066, "loss": 0.08689836636185647, "decode.loss_ce": 0.059095180779695514, "decode.acc_seg": 81.50634765625, "aux.loss_ce": 0.027803185395896435, "aux.acc_seg": 72.589111328125, "time": 0.32232117652893066, "memory": 3774, "step": 1700}
{"lr": 0.000963486029863837, "data_time": 0.0044838905334472655, "loss": 0.08279662244021893, "decode.loss_ce": 0.057513951510190967, "decode.acc_seg": 67.07763671875, "aux.loss_ce": 0.025282670557498933, "aux.acc_seg": 65.496826171875, "time": 0.32296626567840575, "memory": 3774, "step": 1800}
{"lr": 0.0009614513721564885, "data_time": 0.004397988319396973, "loss": 0.09234727770090104, "decode.loss_ce": 0.06531089581549168, "decode.acc_seg": 52.9449462890625, "aux.loss_ce": 0.027036381140351295, "aux.acc_seg": 51.983642578125, "time": 0.3191250801086426, "memory": 3774, "step": 1900}
{"lr": 0.0009594161803475128, "data_time": 0.005001950263977051, "loss": 0.0846727430820465, "decode.loss_ce": 0.058621440455317496, "decode.acc_seg": 57.098388671875, "aux.loss_ce": 0.02605130337178707, "aux.acc_seg": 55.0689697265625, "time": 0.321829628944397, "memory": 3774, "step": 2000}
{"aAcc": 61.46, "mIoU": 22.7, "mAcc": 30.68, "data_time": 0.004111266136169434, "time": 0.2764863967895508, "step": 2000}
{"lr": 0.0009573804528906198, "data_time": 0.004306721687316895, "loss": 0.09176261201500893, "decode.loss_ce": 0.06336983591318131, "decode.acc_seg": 61.42578125, "aux.loss_ce": 0.02839277535676956, "aux.acc_seg": 54.23583984375, "time": 0.3184283971786499, "memory": 3774, "step": 2100}
{"lr": 0.0009553441882309492, "data_time": 0.004385447502136231, "loss": 0.08241625279188156, "decode.loss_ce": 0.05748991444706917, "decode.acc_seg": 62.7197265625, "aux.loss_ce": 0.024926339089870454, "aux.acc_seg": 62.20703125, "time": 0.32366156578063965, "memory": 3774, "step": 2200}
{"lr": 0.0009533073848050023, "data_time": 0.004616308212280274, "loss": 0.07999140843749046, "decode.loss_ce": 0.05477103032171726, "decode.acc_seg": 61.541748046875, "aux.loss_ce": 0.025220379419624805, "aux.acc_seg": 58.1268310546875, "time": 0.3477205991744995, "memory": 3774, "step": 2300}
{"lr": 0.0009512700410405695, "data_time": 0.004362082481384278, "loss": 0.08068043477833271, "decode.loss_ce": 0.05525934360921383, "decode.acc_seg": 61.1175537109375, "aux.loss_ce": 0.025421090703457595, "aux.acc_seg": 55.9417724609375, "time": 0.32122249603271485, "memory": 3774, "step": 2400}
{"aAcc": 62.11, "mIoU": 24.03, "mAcc": 32.07, "data_time": 0.0035207509994506837, "time": 0.27031071186065675, "step": 2400}
{"lr": 0.0009492321553566586, "data_time": 0.004600930213928223, "loss": 0.0870456039905548, "decode.loss_ce": 0.061334606260061264, "decode.acc_seg": 54.4647216796875, "aux.loss_ce": 0.0257109971717,