{"accuracy/top1": 90.36697387695312, "data_time": 0.021302904401506697, "time": 0.04481101036071777}