{"coco/bbox_mAP": 0.845, "coco/bbox_mAP_50": 0.973, "coco/bbox_mAP_75": 0.908, "coco/bbox_mAP_s": -1.0, "coco/bbox_mAP_m": -1.0, "coco/bbox_mAP_l": 0.845, "data_time": 0.09736450151963667, "time": 0.11737228523601186}