{"aAcc": 97.28, "mIoU": 65.68, "mAcc": 85.87, "data_time": 0.0021702051162719727, "time": 0.03543145656585693}