{"aAcc": 94.27, "mIoU": 77.26, "mAcc": 86.77, "data_time": 0.0017273902893066406, "time": 0.9189541816711426}