{"aAcc": 99.24, "mIoU": 83.16, "mAcc": 90.61, "data_time": 0.0025325775146484374, "time": 0.03621506690979004}