{"lr": 0.0029935392883417315, "data_time": 0.03065972328186035, "loss": 0.27776838541030885, "decode.loss_ce": 0.1835226982831955, "decode.acc_seg": 92.59033203125, "aux.loss_ce": 0.09424568191170693, "aux.acc_seg": 90.07669830322266, "time": 0.11402783393859864, "memory": 2805, "step": 100}
{"lr": 0.0029870116893472086, "data_time": 0.02420945167541504, "loss": 0.2533629730343819, "decode.loss_ce": 0.18129831179976463, "decode.acc_seg": 89.84883117675781, "aux.loss_ce": 0.07206466384232044, "aux.acc_seg": 94.04093170166016, "time": 0.10754446983337403, "memory": 1421, "step": 200}
{"lr": 0.0029804824500445646, "data_time": 0.024253463745117186, "loss": 0.37967449426651, "decode.loss_ce": 0.2725926324725151, "decode.acc_seg": 95.93098449707031, "aux.loss_ce": 0.10708186514675617, "aux.acc_seg": 96.91873931884766, "time": 0.10726273059844971, "memory": 1421, "step": 300}
{"lr": 0.002973951565888283, "data_time": 0.0176011323928833, "loss": 0.16744576245546341, "decode.loss_ce": 0.11725577339529991, "decode.acc_seg": 97.8668212890625, "aux.loss_ce": 0.050189988873898986, "aux.acc_seg": 97.4639892578125, "time": 0.10154104232788086, "memory": 1421, "step": 400}
{"aAcc": 97.45, "mIoU": 82.31, "mAcc": 86.07, "data_time": 0.0021056652069091795, "time": 0.03422591686248779, "step": 400}
{"lr": 0.00296741903230874, "data_time": 0.021067285537719728, "loss": 0.24950482100248336, "decode.loss_ce": 0.17285091057419777, "decode.acc_seg": 96.85465240478516, "aux.loss_ce": 0.07665390595793724, "aux.acc_seg": 96.624755859375, "time": 0.10593328475952149, "memory": 1675, "step": 500}
{"lr": 0.00296088484471201, "data_time": 0.023943710327148437, "loss": 0.22858148142695428, "decode.loss_ce": 0.16273853778839112, "decode.acc_seg": 88.11215209960938, "aux.loss_ce": 0.06584294456988574, "aux.acc_seg": 89.82411193847656, "time": 0.10783476829528808, "memory": 1421, "step": 600}
{"lr": 0.002954348998479682, "data_time": 0.028089261054992674, "loss": 0.2098844401538372, "decode.loss_ce": 0.148524022847414, "decode.acc_seg": 93.96565246582031, "aux.loss_ce": 0.06136041600257158, "aux.acc_seg": 94.22403717041016, "time": 0.11190106868743896, "memory": 1421, "step": 700}
{"lr": 0.002947811488968665, "data_time": 0.023683714866638183, "loss": 0.1156593918800354, "decode.loss_ce": 0.07963634841144085, "decode.acc_seg": 96.38773345947266, "aux.loss_ce": 0.03602304309606552, "aux.acc_seg": 93.6859130859375, "time": 0.10803101062774659, "memory": 1421, "step": 800}
{"aAcc": 98.1, "mIoU": 87.07, "mAcc": 91.74, "data_time": 0.0022943496704101564, "time": 0.03536446094512939, "step": 800}
{"lr": 0.0029412723115109936, "data_time": 0.02173769474029541, "loss": 0.11409163773059845, "decode.loss_ce": 0.07880356423556804, "decode.acc_seg": 96.50166320800781, "aux.loss_ce": 0.03528807517141104, "aux.acc_seg": 96.7254638671875, "time": 0.10593686103820801, "memory": 1421, "step": 900}
{"lr": 0.0029347314614136216, "data_time": 0.019763803482055663, "loss": 0.12600988447666167, "decode.loss_ce": 0.08830309845507145, "decode.acc_seg": 96.06221008300781, "aux.loss_ce": 0.03770678546279669, "aux.acc_seg": 95.13142395019531, "time": 0.10374839305877685, "memory": 1421, "step": 1000}
{"lr": 0.002928188933958233, "data_time": 0.020501708984375, "loss": 0.14568046778440474, "decode.loss_ce": 0.0979154422879219, "decode.acc_seg": 96.62071228027344, "aux.loss_ce": 0.04776502288877964, "aux.acc_seg": 95.42790222167969, "time": 0.1045644760131836, "memory": 1421, "step": 1100}
{"lr": 0.002921644724401035, "data_time": 0.03178558349609375, "loss": 0.07566694207489491, "decode.loss_ce": 0.052468536980450155, "decode.acc_seg": 97.21272277832031, "aux.loss_ce": 0.023198403790593146, "aux.acc_seg": 97.04386138916016, "time": 0.11635539531707764, "memory": 1421, "step": 1200}
{"aAcc": 98.46, "mIoU": 89.42, "mAcc": 93.62, "data_time": 0.002620434761047363, "time": 0.03548099994659424, "step": 1200}
{"lr": 0.0029150988279725556, "data_time": 0.021740436553955078, "loss": 0.11034238636493683, "decode.loss_ce": 0.07576504312455654, "decode.acc_seg": 97.60538482666016, "aux.loss_ce": 0.034577343985438345, "aux.acc_seg": 97.07844543457031, "time": 0.10584828853607178, "memory": 1421, "step": 1300}
{"lr": 0.0029085512398774457, "data_time": 0.022087621688842773, "loss": 0.14476021230220795, "decode.loss_ce": 0.10158663690090179, "decode.acc_seg": 94.28608703613281, "aux.loss_ce": 0.043173573724925515, "aux.acc_seg": 94.732666015625, "time": 0.10978517532348633, "memory": 1421, "step": 1400}
{"lr": 0.0029020019552942517, "data_time": 0.011663985252380372, "loss": 0.08261138461530208, "decode.loss_ce": 0.05618347078561783, "decode.acc_seg": 98.54328918457031, "aux.loss_ce": 0.02642791289836168, "aux.acc_seg": 98.7060546875, "time": 0.10633788108825684, "memory": 1421, "step": 1500}
{"lr": 0.0028954509693752298, "data_time": 0.027524590492248535, "loss": 0.14379563108086585, "decode.loss_ce": 0.10535427145659923, "decode.acc_seg": 98.65010070800781, "aux.loss_ce": 0.0384413592517376, "aux.acc_seg": 97.1923828125, "time": 0.1118586540222168, "memory": 1421, "step": 1600}
{"aAcc": 98.53, "mIoU": 89.59, "mAcc": 92.61, "data_time": 0.0024298429489135742, "time": 0.03560774326324463, "step": 1600}
{"lr": 0.0028888982772461097, "data_time": 0.02370772361755371, "loss": 0.07718269526958466, "decode.loss_ce": 0.053290775418281554, "decode.acc_seg": 99.07734680175781, "aux.loss_ce": 0.023891919758170843, "aux.acc_seg": 98.80167388916016, "time": 0.10808742046356201, "memory": 1421, "step": 1700}
{"lr": 0.0028823438740059036, "data_time": 0.02226526737213135, "loss": 0.11295148245990276, "decode.loss_ce": 0.07804764844477177, "decode.acc_seg": 99.50968170166016, "aux.loss_ce": 0.03490383345633745, "aux.acc_seg": 99.365234375, "time": 0.10635952949523926, "memory": 1421, "step": 1800}
{"lr": 0.0028757877547266695, "data_time": 0.023447060585021974, "loss": 0.11852558553218842, "decode.loss_ce": 0.08186454325914383, "decode.acc_seg": 95.6298828125, "aux.loss_ce": 0.036661040782928464, "aux.acc_seg": 95.06327056884766, "time": 0.10793654918670655, "memory": 1421, "step": 1900}
{"lr": 0.002869229914453305, "data_time": 0.019248485565185547, "loss": 0.06828623041510581, "decode.loss_ce": 0.047059806250035766, "decode.acc_seg": 96.94315338134766, "aux.loss_ce": 0.0212264240719378, "aux.acc_seg": 97.57283020019531, "time": 0.10404741764068604, "memory": 1421, "step": 2000}
{"aAcc": 98.66, "mIoU": 90.77, "mAcc": 94.76, "data_time": 0.0022222042083740235, "time": 0.034588050842285153, "step": 2000}
{"lr": 0.0028626703482033185, "data_time": 0.02989952564239502, "loss": 0.08010441027581691, "decode.loss_ce": 0.05632714852690697, "decode.acc_seg": 98.76810455322266, "aux.loss_ce": 0.023777262214571236, "aux.acc_seg": 97.74881744384766, "time": 0.11583135128021241, "memory": 1421, "step": 2100}
{"lr": 0.0028561090509666, "data_time": 0.021330833435058594, "loss": 0.14068785682320595, "decode.loss_ce": 0.09744515866041184, "decode.acc_seg": 96.27278137207031, "aux.loss_ce": 0.043242698442190884, "aux.acc_seg": 95.88724517822266, "time": 0.11176238059997559, "memory": 1421, "step": 2200}
{"lr": 0.002849546017705211, "data_time": 0.026148772239685057, "loss": 0.11237824037671089, "decode.loss_ce": 0.07574914135038853, "decode.acc_seg": 97.52298736572266, "aux.loss_ce": 0.036629099026322366, "aux.acc_seg": 97.42329406738281, "time": 0.10998063087463379, "memory": 1421, "step": 2300}
{"lr": 0.002842981243353152, "data_time": 0.022086548805236816, "loss": 0.07174258269369602, "decode.loss_ce": 0.049740851297974585, "decode.acc_seg": 97.5860595703125, "aux.loss_ce": 0.02200173130258918, "aux.acc_seg": 98.04280090332031, "time": 0.10679543018341064, "memory": 1421, "step": 2400}
{"aAcc": 98.72, "mIoU": 91.04, "mAcc": 94.6, "data_time": 0.0024404048919677733, "time": 0.03564233779907226, "step": 2400}
{"lr": 0.0028364147228161075, "data_time": 0.01794612407684326, "loss": 0.15340465903282166, "decode.loss_ce": 0.1075991615653038,