{"aAcc": 60.8, "mIoU": 25.51, "mAcc": 38.89, "data_time": 0.003906750679016113, "time": 0.520896601676941}