{"bboxes": [[1020.419921875, 4028.630126953125, 3206.47802734375, 5339.869140625], [167.00416564941406, 1781.8231201171875, 1565.38232421875, 4004.428466796875], [1843.0706787109375, 1078.9981689453125, 3166.275390625, 3336.71826171875]], "labels": [0, 0, 0], "scores": [0.9999843835830688, 0.9999690055847168, 0.9999526739120483]}