{"coco/AP": 0.7405006165330275, "coco/AP .5": 1.0, "coco/AP .75": 0.9686468646864688, "coco/AP (M)": -1.0, "coco/AP (L)": 0.7405006165330275, "coco/AR": 0.780952380952381, "coco/AR .5": 1.0, "coco/AR .75": 0.9761904761904762, "coco/AR (M)": -1.0, "coco/AR (L)": 0.780952380952381, "PCK": 0.9750566893424032, "AUC": 0.13792517006802724, "NME": 0.040603304666186134, "data_time": 1.145143747329712, "time": 1.1706219514211018}